[
  {"id":424,"name":"null","level":"0","category":0,"minimapdot":true,"actions":[],"size":[1,1,0],"coordinates":[[6932,38184]],"colors":[]},
  {"id":2909,"name":"Horned graahk","level":"50","category":473,"minimapdot":true,"actions":["Tease"],"size":[2,2,136],"coordinates":[[6968,38396]],"colors":[8168621,8563893,10073017,8163245,11917541,7833765,13360869,14148069,6387611,16632224,16490541,5730424]},
  {"id":530,"name":"Tribesman","level":"32","category":1739,"minimapdot":true,"actions":["Attack"],"size":[1,1,196],"coordinates":[[6988,38372],[6996,38360],[7012,38156],[7108,38160]],"colors":[65536,9877468,1781932,11185077,4020855,9877468,9877468,9877468,12234671,9877468,12234671,1463165,9877468,1781932,8158597,2133684,11185077]},
  {"id":3020,"name":"Jungle spider","level":"44","category":384,"minimapdot":false,"actions":["Attack"],"size":[1,1,22],"coordinates":[[7024,38312],[7024,38304]],"colors":[16512301,2805283,15543803,14690215,2967035,14935015,65536,15543803,16512301,2805283,14690215,2967035]},
  {"id":1173,"name":"Chicken","level":"1","category":444,"minimapdot":true,"actions":["Attack"],"size":[1,1,127],"coordinates":[[7024,38172],[7136,38160]],"colors":[10141136,4705505,11192279,10666452,2109620,5730424,2110916,6674155]},
  {"id":6236,"name":"null","level":"1","category":387,"minimapdot":true,"actions":[],"size":[1,1,0],"coordinates":[[7028,38200]],"colors":[]},
  {"id":3049,"name":"Hobgoblin","level":"28","category":442,"minimapdot":true,"actions":["Attack"],"size":[1,1,151],"coordinates":[[7052,38376],[7068,38376],[7080,38376]],"colors":[11185077,1073781,2768976,1801388,7566202,65536]},
  {"id":1174,"name":"Chicken","level":"1","category":444,"minimapdot":true,"actions":["Attack"],"size":[1,1,127],"coordinates":[[7056,38184],[7124,38172]],"colors":[10141136,4705505,11192279,10666452,2109620,5730424,2110916,6674155]},
  {"id":6238,"name":"null","level":"1","category":387,"minimapdot":true,"actions":[],"size":[1,1,0],"coordinates":[[7064,38212]],"colors":[]},
  {"id":4710,"name":"Fishing spot","level":"0","category":632,"minimapdot":false,"actions":["Net"],"size":[1,1,34],"coordinates":[[7068,38352],[7108,38388],[7132,38344]],"colors":[15451648]},
  {"id":6557,"name":"null","level":"1","category":387,"minimapdot":true,"actions":[],"size":[1,1,0],"coordinates":[[7080,38168]],"colors":[]},
  {"id":6559,"name":"null","level":"1","category":387,"minimapdot":true,"actions":[],"size":[1,1,0],"coordinates":[[7100,38240]],"colors":[]},
  {"id":6240,"name":"null","level":"1","category":387,"minimapdot":true,"actions":[],"size":[1,1,0],"coordinates":[[7104,38200]],"colors":[]}
]