[{"id":14674,"name":"Skeleton","type":10,"category":0,"actions":[],"coordinates":[[836,45462],[840,45462],[844,45462],[848,45462],[880,45462],[884,45462],[892,45462]],"size":[1,1,99],"rotations":[0,0,0,0,0,0,0],"colors":[14474976]},{"id":14675,"name":"Skeleton","type":10,"category":0,"actions":[],"coordinates":[[852,45464],[856,45464],[872,45464],[876,45464]],"size":[2,1,56],"rotations":[1,3,3,1],"colors":[14474976,11185077]},{"id":21773,"name":"Soul Devourer","type":10,"category":0,"actions":[],"coordinates":[[864,45394]],"size":[5,5,570],"rotations":[0],"colors":[3885937,2965593,4938587,12443359,12774052,14150601,15265253,15790575,2763344]},{"id":21772,"name":"Portcullis","type":10,"category":0,"actions":["Exit"],"coordinates":[[864,45530]],"size":[3,1,260],"rotations":[0],"colors":[5723997,4013377,8158597,7039858]},{"id":14645,"name":"Skeleton","type":10,"category":0,"actions":[],"coordinates":[[888,45462]],"size":[1,1,99],"rotations":[0],"colors":[14474976]},{"id":23101,"name":"Soul boat","type":10,"category":0,"actions":[],"coordinates":[[900,45358]],"size":[3,3,173],"rotations":[0],"colors":[1076076,1071989,2976654,3174549,3307680,1464957,10542815,65536,1065314,6516344,10146000,19276]}]