[{"id":23104,"name":"Iron Winch","type":10,"category":0,"actions":["Turn","Peek"],"coordinates":[[1070,45412],[1134,45352],[1218,45412]],"size":[2,2,212],"rotations":[0,0,0],"colors":[7039858,5988962,5723997,5987170,8421769,4210764,4934503,7829374]},{"id":26564,"name":"Cave","type":10,"category":870,"actions":["Crawl"],"coordinates":[[1140,45486]],"size":[1,1,240],"rotations":[0],"colors":[5921645,6513528,5987170,4013377]},{"id":26566,"name":"Cave","type":10,"category":870,"actions":["Crawl"],"coordinates":[[1144,45486]],"size":[1,1,240],"rotations":[0],"colors":[5921645,6513528,5987170,4013377]},{"id":26565,"name":"Cave","type":10,"category":870,"actions":["Crawl"],"coordinates":[[1148,45486]],"size":[1,1,240],"rotations":[0],"colors":[5921645,6513528,5987170,4013377]}]