[{"id":3879,"name":"Tree","type":10,"category":189,"actions":["Chop down"],"coordinates":[[4500,37878],[4524,37874],[4544,37858],[4552,37878],[4560,37862],[4572,37882],[4572,37866],[4576,37666],[4584,37882],[4596,37686],[4596,37654],[4600,37698],[4604,37834]],"size":[3,3,595],"rotations":[0,0,0,0,0,0,0,0,0,0,0,0,0],"colors":[8561589,13004800]},{"id":3890,"name":"Tree","type":10,"category":0,"actions":[],"coordinates":[[4508,37886],[4520,37862],[4564,37878],[4580,37706]],"size":[1,1,532],"rotations":[0,0,0,0],"colors":[8430513,1812119]},{"id":3883,"name":"Tree","type":10,"category":189,"actions":["Chop down"],"coordinates":[[4510,37864],[4538,37880],[4566,37836],[4582,37824],[4586,37804],[4590,37716],[4598,37876],[4602,37764],[4606,37880]],"size":[2,2,595],"rotations":[0,0,0,0,0,0,0,0,0],"colors":[8561589,13004800]},{"id":3888,"name":"Tree","type":10,"category":0,"actions":[],"coordinates":[[4536,37886],[4560,37886],[4596,37846],[4600,37714],[4604,37634]],"size":[1,1,532],"rotations":[0,0,0,0,0],"colors":[8430513,1812119]},{"id":3939,"name":"Dense forest","type":10,"category":0,"actions":["Enter"],"coordinates":[[4566,37670],[4600,37804]],"size":[3,2,562],"rotations":[3,2],"colors":[8430513,1812119]},{"id":3882,"name":"Tree","type":10,"category":189,"actions":["Chop down"],"coordinates":[[4572,37654],[4584,37630]],"size":[3,3,595],"rotations":[0,0],"colors":[8561589,13004800]},{"id":3892,"name":"Tree","type":10,"category":0,"actions":[],"coordinates":[[4582,37846],[4594,37642],[4600,37744]],"size":[6,3,114],"rotations":[2,2,3],"colors":[1812119,8038818,10661036,10791600,8561589]},{"id":3881,"name":"Tree","type":10,"category":189,"actions":["Chop down"],"coordinates":[[4576,37642],[4580,37678],[4584,37870],[4588,37706],[4592,37762],[4604,37846]],"size":[3,3,595],"rotations":[0,0,0,0,0,0],"colors":[8561589,13004800]},{"id":3886,"name":"Tree","type":10,"category":0,"actions":[],"coordinates":[[4576,37854],[4584,37670],[4584,37654],[4600,37814],[4600,37798]],"size":[1,1,532],"rotations":[0,0,0,0,0],"colors":[8430513,1812119]},{"id":3887,"name":"Tree","type":10,"category":0,"actions":[],"coordinates":[[4584,37694]],"size":[3,3,608],"rotations":[0],"colors":[8430513]},{"id":3891,"name":"Tree","type":10,"category":0,"actions":[],"coordinates":[[4592,37726],[4596,37822],[4600,37866]],"size":[3,3,608],"rotations":[0,0,0],"colors":[8430513]},{"id":3889,"name":"Tree","type":10,"category":0,"actions":[],"coordinates":[[4592,37674]],"size":[3,3,608],"rotations":[0],"colors":[8430513]},{"id":3893,"name":"Tree","type":10,"category":0,"actions":[],"coordinates":[[4596,37834],[4600,37670]],"size":[1,1,37],"rotations":[0,0],"colors":[8561589]},{"id":3885,"name":"Tree","type":10,"category":0,"actions":[],"coordinates":[[4600,37778]],"size":[3,3,309],"rotations":[0],"colors":[8561589,1812119,8038818,10661036,10791600]}]