[{"id":29495,"name":"null","type":10,"category":522,"actions":[],"coordinates":[[4504,38150]],"size":[1,1,0],"rotations":[0],"colors":[]},{"id":6708,"name":"Small rock","type":10,"category":0,"actions":[],"coordinates":[[4524,38146]],"size":[1,1,56],"rotations":[0],"colors":[11185077,15592170,11185077,15592170]},{"id":6707,"name":"Rock","type":10,"category":0,"actions":[],"coordinates":[[4534,38148]],"size":[2,2,56],"rotations":[0],"colors":[11185077,15592170,11185077,15592170]},{"id":3890,"name":"Tree","type":10,"category":0,"actions":[],"coordinates":[[4596,38174]],"size":[1,1,532],"rotations":[0],"colors":[8430513,1812119]}]