[{"id":1171,"name":"Fungus","type":10,"category":0,"actions":[],"coordinates":[[5384,32866],[5388,32870],[5424,32866],[5436,32898],[5448,32946],[5452,32882],[5460,32878],[5464,32966],[5468,32994],[5480,33006],[5488,33006],[5500,32974]],"size":[1,1,50],"rotations":[0,0,0,0,0,0,0,0,0,0,0,0],"colors":[7128316,12703721,9883382]},{"id":21741,"name":"Fungus","type":10,"category":0,"actions":[],"coordinates":[[5390,32852],[5418,32876],[5482,32904]],"size":[2,2,50],"rotations":[0,0,0],"colors":[7128316,12703721,9883382]},{"id":12004,"name":"A gap through the wall","type":10,"category":0,"actions":["Squeeze-through"],"coordinates":[[5492,32914]],"size":[1,1,240],"rotations":[0],"colors":[1065068,1068149,2578816,4024208,4286363,4418464,3635374,65536,1065314,5732263,1463165,3895639,11596,3893105,4227477,7909313,1073781,1479059,1808538,1054297,2783879,9222277,10534299,6518648,10222709,42]},{"id":1278,"name":"Tree","type":10,"category":189,"actions":["Chop down"],"coordinates":[[5498,32792]],"size":[2,2,372],"rotations":[0],"colors":[4419840,4017253]},{"id":17001,"name":"Damaged wall","type":10,"category":0,"actions":[],"coordinates":[[5502,32818],[5538,32826]],"size":[2,1,240],"rotations":[2,2],"colors":[8158597,1470596,7566202,1068642,65536,12956775,13417856,14404753,14800553,14931885,15062965,14866884]},{"id":17002,"name":"Jutting wall","type":10,"category":0,"actions":["Squeeze-past"],"coordinates":[[5506,32818],[5542,32826]],"size":[2,1,240],"rotations":[0,0],"colors":[12956775,13417856,14404753,14800553,14931885,15062965,14866884,65536]},{"id":1276,"name":"Tree","type":10,"category":189,"actions":["Chop down"],"coordinates":[[5510,32932],[5526,32944],[5530,32888],[5546,32952],[5570,32920],[5574,32908],[5578,32924],[5582,32916]],"size":[2,2,290],"rotations":[0,0,0,0,0,0,0,0],"colors":[4017253,4419840]},{"id":34799,"name":"Pillar","type":10,"category":0,"actions":[],"coordinates":[[5524,32926]],"size":[3,1,90],"rotations":[2],"colors":[6178560,5739008]},{"id":34798,"name":"Ruined Pillar","type":10,"category":0,"actions":[],"coordinates":[[5520,32918],[5552,32926]],"size":[1,1,44],"rotations":[0,0],"colors":[6178560,5739008]},{"id":34804,"name":"Rubble","type":10,"category":0,"actions":[],"coordinates":[[5520,32906]],"size":[1,1,23],"rotations":[0],"colors":[6178560]},{"id":34803,"name":"Rubble","type":10,"category":0,"actions":[],"coordinates":[[5524,32894],[5536,32898]],"size":[1,1,49],"rotations":[0,0],"colors":[6178560]},{"id":34805,"name":"Rubble","type":10,"category":0,"actions":[],"coordinates":[[5528,32922],[5536,32930]],"size":[1,1,49],"rotations":[0,0],"colors":[6178560]},{"id":34797,"name":"Pillar","type":10,"category":0,"actions":[],"coordinates":[[5534,32934],[5554,32918]],"size":[2,1,138],"rotations":[0,0],"colors":[4934480,6178560,5739008]},{"id":34795,"name":"Ruined Pillar","type":10,"category":0,"actions":[],"coordinates":[[5532,32906]],"size":[1,1,225],"rotations":[0],"colors":[6178560,5739008,4934480]},{"id":16307,"name":"Rune temple sign","type":4,"category":0,"actions":["Read"],"coordinates":[[5540,32954]],"size":[1,1,185],"rotations":[0],"colors":[14404753,13417856,15394272]},{"id":34796,"name":"Ruined Pillar","type":10,"category":0,"actions":[],"coordinates":[[5540,32934],[5540,32906]],"size":[1,1,139],"rotations":[0,0],"colors":[4934480,6178560,5739008]}]