[{"id":11182,"name":"Mossy rock","type":10,"category":0,"actions":[],"coordinates":[[5390,31588],[5482,31572],[5494,31536],[5530,31596],[5606,31620]],"size":[2,2,87],"rotations":[0,0,0,0,0],"colors":[6178560,1477752]},{"id":12576,"name":"Stalagmite","type":10,"category":0,"actions":[],"coordinates":[[5392,31642],[5396,31638],[5444,31654],[5448,31650],[5468,31662],[5472,31666],[5480,31586],[5484,31558],[5484,31542],[5488,31578],[5488,31562],[5488,31554],[5492,31698],[5492,31586],[5496,31562],[5496,31546],[5500,31578],[5500,31550],[5512,31510],[5520,31514],[5524,31726],[5524,31506],[5528,31722],[5532,31726],[5532,31622],[5536,31626],[5540,31610],[5544,31686],[5548,31690],[5552,31686],[5552,31626],[5556,31514],[5560,31618],[5560,31498],[5564,31510],[5568,31574],[5568,31506],[5580,31506],[5584,31506]],"size":[1,1,168],"rotations":[0,0,0,0,0,0,0,0,0,0,0,0,0,0,0,0,0,0,0,0,0,0,0,0,0,0,0,0,0,0,0,0,0,0,0,0,0,0,0],"colors":[3307680]},{"id":12575,"name":"Stalagmite","type":10,"category":0,"actions":[],"coordinates":[[5396,31642],[5448,31654],[5472,31662],[5488,31586],[5488,31558],[5496,31698],[5500,31546],[5516,31510],[5528,31726],[5532,31626],[5544,31614],[5548,31686],[5552,31502],[5556,31626],[5568,31510],[5584,31502]],"size":[1,1,289],"rotations":[0,0,0,0,0,0,0,0,0,0,0,0,0,0,0,0],"colors":[3307680]},{"id":2958,"name":"Climbing rope","type":10,"category":0,"actions":["Climb"],"coordinates":[[5412,31586]],"size":[1,1,291],"rotations":[0],"colors":[1073781,1470596,3178133]},{"id":2959,"name":"Rocky Ledge","type":10,"category":0,"actions":["Climb-over"],"coordinates":[[5412,31562]],"size":[1,1,89],"rotations":[0],"colors":[7039858,65536]},{"id":2960,"name":"Rocky Ledge","type":10,"category":0,"actions":["Climb-over"],"coordinates":[[5412,31518]],"size":[1,1,89],"rotations":[0],"colors":[7039858,65536]},{"id":2961,"name":"Rocky Ledge","type":10,"category":0,"actions":["Climb-over"],"coordinates":[[5432,31514]],"size":[1,1,89],"rotations":[0],"colors":[7039858,65536]},{"id":2962,"name":"Rocks","type":10,"category":0,"actions":["Climb-over"],"coordinates":[[5452,31518]],"size":[1,1,89],"rotations":[0],"colors":[7039858,65536]},{"id":2964,"name":"Rocks","type":10,"category":0,"actions":["Climb-over"],"coordinates":[[5464,31558]],"size":[1,1,89],"rotations":[0],"colors":[7039858,65536]},{"id":2963,"name":"Rocks","type":10,"category":0,"actions":["Climb-over"],"coordinates":[[5464,31534]],"size":[1,1,89],"rotations":[0],"colors":[7039858,65536]},{"id":11184,"name":"Column","type":10,"category":0,"actions":[],"coordinates":[[5470,31692],[5586,31564],[5606,31728],[5606,31572]],"size":[2,2,720],"rotations":[0,0,0,0],"colors":[3307680]},{"id":11183,"name":"Mossy rock","type":10,"category":0,"actions":[],"coordinates":[[5484,31574],[5496,31534],[5504,31598],[5512,31550],[5536,31538],[5540,31634],[5548,31570],[5560,31542],[5584,31622]],"size":[1,1,53],"rotations":[0,0,0,0,0,0,0,0,0],"colors":[6178560,1477752]},{"id":11390,"name":"Rocks","type":10,"category":227,"actions":["Mine"],"coordinates":[[5512,31526],[5532,31518],[5580,31638],[5584,31630]],"size":[1,1,84],"rotations":[0,0,0,0],"colors":[7039858,65536]},{"id":11186,"name":"Column","type":10,"category":0,"actions":[],"coordinates":[[5526,31532],[5530,31696]],"size":[2,2,720],"rotations":[0,0],"colors":[3307680]},{"id":2965,"name":"Mossy rock","type":10,"category":0,"actions":["Search"],"coordinates":[[5546,31568]],"size":[2,2,70],"rotations":[0],"colors":[6178560,6782064]},{"id":652,"name":"null","type":22,"category":1684,"actions":[],"coordinates":[[5584,31686]],"size":[1,1,2],"rotations":[0],"colors":[1451916]},{"id":2971,"name":"Shimmering field","type":0,"category":0,"actions":["Walk-through"],"coordinates":[[5584,31670],[5588,31670]],"size":[1,1,240],"rotations":[0,0],"colors":[15451648]},{"id":11185,"name":"Column","type":10,"category":0,"actions":[],"coordinates":[[5586,31592],[5590,31720]],"size":[2,2,720],"rotations":[0,0],"colors":[3307680]},{"id":653,"name":"null","type":22,"category":1684,"actions":[],"coordinates":[[5588,31710]],"size":[1,1,2],"rotations":[0],"colors":[1451916]},{"id":2969,"name":"Recess","type":9,"category":0,"actions":["Search"],"coordinates":[[5592,31666]],"size":[1,1,240],"rotations":[0],"colors":[5540258,65536,1068642,2972269,5140094]},{"id":2966,"name":"Furnace","type":10,"category":0,"actions":["Search"],"coordinates":[[5612,31522]],"size":[3,3,438],"rotations":[0],"colors":[6526716,3285177,2582393,2763309,4026107]}]