[{"id":11367,"name":"Coal rocks","type":10,"category":200,"actions":["Mine"],"coordinates":[[8448,10958],[8456,10958]],"size":[1,1,89],"rotations":[0,0],"colors":[7039858,65536]},{"id":724,"name":"Standing torch","type":10,"category":0,"actions":[],"coordinates":[[8448,10942],[8448,10926],[8460,10946],[8464,10930],[8472,10914],[8476,10946],[8644,10890],[8644,10858],[8652,10882],[8652,10866]],"size":[1,1,174],"rotations":[0,0,0,0,0,0,0,0,0,0],"colors":[5142142,2965593,5865615,2109620,2992123,3006971]},{"id":11368,"name":"Silver rocks","type":10,"category":285,"actions":["Mine"],"coordinates":[[8452,10934]],"size":[1,1,84],"rotations":[0],"colors":[7039858,65536]},{"id":11369,"name":"Silver rocks","type":10,"category":285,"actions":["Mine"],"coordinates":[[8452,10910],[8456,10914]],"size":[1,1,89],"rotations":[0,0],"colors":[7039858,65536]},{"id":11374,"name":"Adamantite rocks","type":11,"category":197,"actions":["Mine"],"coordinates":[[8456,10938],[8464,10934]],"size":[1,1,84],"rotations":[0,0],"colors":[7039858,65536]},{"id":11366,"name":"Coal rocks","type":10,"category":200,"actions":["Mine"],"coordinates":[[8460,10958]],"size":[1,1,84],"rotations":[0],"colors":[7039858,65536]},{"id":11364,"name":"Iron rocks","type":10,"category":218,"actions":["Mine"],"coordinates":[[8460,10930],[8468,10942],[8476,10926]],"size":[1,1,84],"rotations":[0,0,0],"colors":[7039858,65536]},{"id":702,"name":"Large bone","type":11,"category":0,"actions":[],"coordinates":[[8460,10910],[8476,10910]],"size":[1,1,20],"rotations":[0,0],"colors":[16316664]},{"id":700,"name":"Curved bone","type":10,"category":0,"actions":[],"coordinates":[[8464,10910],[8472,10918],[8476,10914]],"size":[1,1,36],"rotations":[0,0,0],"colors":[16711422]},{"id":11361,"name":"Tin rocks","type":10,"category":198,"actions":["Mine"],"coordinates":[[8468,10958]],"size":[1,1,89],"rotations":[0],"colors":[7039858,65536]},{"id":11161,"name":"Copper rocks","type":11,"category":196,"actions":["Mine"],"coordinates":[[8468,10910],[8476,10922]],"size":[1,1,89],"rotations":[0,0],"colors":[7039858,65536]},{"id":1569,"name":"Gate","type":0,"category":0,"actions":["Open"],"coordinates":[[8484,10950]],"size":[1,1,240],"rotations":[0],"colors":[11185077,4390912,6381927,11185077,6381927,4390912]},{"id":1568,"name":"Gate","type":0,"category":0,"actions":["Open"],"coordinates":[[8484,10946]],"size":[1,1,240],"rotations":[0],"colors":[11185077,4390912,6381927,11185077,6381927,4390912]},{"id":909,"name":"Plaque","type":4,"category":0,"actions":[],"coordinates":[[8488,10954]],"size":[1,1,208],"rotations":[0],"colors":[7039858,1068652]},{"id":16511,"name":"Obstacle pipe","type":10,"category":0,"actions":["Squeeze-through"],"coordinates":[[8506,10806],[8518,10806]],"size":[2,1,240],"rotations":[2,0],"colors":[7039858,6508032,9145493,6178560]},{"id":660,"name":"Corpse","type":10,"category":0,"actions":[],"coordinates":[[8516,10814],[8524,10798]],"size":[1,1,67],"rotations":[0,0],"colors":[14474976]},{"id":11182,"name":"Mossy rock","type":10,"category":0,"actions":[],"coordinates":[[8530,10824],[8558,10820],[8558,10808],[8566,10852]],"size":[2,2,87],"rotations":[0,0,0,0],"colors":[6178560,1477752]},{"id":11183,"name":"Mossy rock","type":10,"category":0,"actions":[],"coordinates":[[8528,10810],[8540,10806],[8556,10814],[8560,10874],[8568,10910]],"size":[1,1,53],"rotations":[0,0,0,0,0],"colors":[6178560,1477752]},{"id":1286,"name":"Dead tree","type":10,"category":189,"actions":["Chop down"],"coordinates":[[8548,10826]],"size":[1,1,289],"rotations":[0],"colors":[1068652,1071989]},{"id":692,"name":"Cauldron","type":10,"category":0,"actions":[],"coordinates":[[8548,10810]],"size":[1,1,107],"rotations":[0],"colors":[1805334,2603296,7566202,9145493,8684685]},{"id":1325,"name":"Roots","type":10,"category":0,"actions":[],"coordinates":[[8552,10918],[8564,10926],[8568,10918],[8584,10830],[8588,10890],[8588,10838],[8592,10906],[8608,10910],[8620,10914],[8620,10902]],"size":[1,1,75],"rotations":[0,0,0,0,0,0,0,0,0,0],"colors":[1068652]},{"id":1365,"name":"Dead tree","type":10,"category":189,"actions":["Chop down"],"coordinates":[[8552,10814]],"size":[1,1,289],"rotations":[0],"colors":[1068652,1071989]},{"id":859,"name":"Standard","type":10,"category":0,"actions":[],"coordinates":[[8556,10870],[8556,10850]],"size":[1,1,216],"rotations":[0,0],"colors":[7566202,3175579,14935783,65536]},{"id":1324,"name":"Roots","type":10,"category":0,"actions":[],"coordinates":[[8564,10902],[8572,10886],[8580,10838],[8596,10898],[8624,10910],[8632,10846],[8640,10854]],"size":[1,1,73],"rotations":[0,0,0,0,0,0,0],"colors":[1068652]},{"id":1167,"name":"Mushroom","type":10,"category":0,"actions":[],"coordinates":[[8564,10882],[8588,10858],[8612,10886],[8628,10890]],"size":[1,1,73],"rotations":[0,0,0,0],"colors":[4025538,4213836,14344934,15856371]},{"id":668,"name":"Pile of skulls","type":10,"category":0,"actions":[],"coordinates":[[8564,10814],[8616,10918],[8628,10906]],"size":[1,1,46],"rotations":[0,0,0],"colors":[16316664,65536]},{"id":1168,"name":"Mushrooms","type":10,"category":0,"actions":[],"coordinates":[[8568,10886],[8584,10854],[8616,10890]],"size":[1,1,73],"rotations":[0,0,0],"colors":[4025538,4213836,14344934,15856371,5865681,7508185,9807087]},{"id":11425,"name":"Mossy rock","type":10,"category":0,"actions":[],"coordinates":[[8576,10870]],"size":[1,1,53],"rotations":[0],"colors":[6178560,6782064]},{"id":1323,"name":"Roots","type":10,"category":0,"actions":[],"coordinates":[[8584,10902]],"size":[1,1,81],"rotations":[0],"colors":[1068652]},{"id":872,"name":"Large sewer pipe","type":10,"category":0,"actions":[],"coordinates":[[8588,10826],[8612,10826]],"size":[1,1,203],"rotations":[0,0],"colors":[9145493,10461097,6178560,65536,4390912]},{"id":32534,"name":"Gate","type":0,"category":0,"actions":["Open","Check-Count"],"coordinates":[[8600,10826]],"size":[1,1,240],"rotations":[0],"colors":[65536,8684685,11185077]},{"id":654,"name":"null","type":22,"category":1684,"actions":[],"coordinates":[[8612,10906],[8624,10906]],"size":[1,1,2],"rotations":[0,0],"colors":[1451916]},{"id":652,"name":"null","type":22,"category":1684,"actions":[],"coordinates":[[8612,10902],[8624,10902],[8632,10890]],"size":[1,1,2],"rotations":[0,0,0],"colors":[1451916]}]