[{"id":1406,"name":"Cactus","type":10,"category":0,"actions":[],"coordinates":[[8722,38964],[8738,39104],[8806,39012],[8874,39120],[8902,38964]],"size":[2,2,128],"rotations":[0,0,0,0,0],"colors":[1812119,12505301]},{"id":2670,"name":"Kharidian cactus (Healthy)","type":10,"category":1632,"actions":["Cut"],"coordinates":[[8764,39090],[8848,39166],[8876,38986],[8880,39102],[8916,38930]],"size":[1,1,148],"rotations":[0,0,0,0,0],"colors":[1475683,1073762]},{"id":2078,"name":"Banana tree","type":10,"category":0,"actions":["Search"],"coordinates":[[8930,38916],[8938,39056],[8938,38980],[8950,39160]],"size":[2,2,382],"rotations":[0,0,0,0],"colors":[2139833,1802918,8043875,5343018]},{"id":1361,"name":"Tropical tree","type":10,"category":0,"actions":[],"coordinates":[[8948,39010]],"size":[7,7,425],"rotations":[0],"colors":[6397113,1806508,6990537,8434380,6452480]},{"id":1360,"name":"Tropical tree","type":10,"category":0,"actions":[],"coordinates":[[8936,39010]],"size":[1,1,240],"rotations":[0],"colors":[6990537,8434380,2602016]}]