[{"id":1032,"name":"Danger sign","type":11,"category":0,"actions":[],"coordinates":[[8704,34994],[8720,34994]],"size":[1,1,148],"rotations":[0,0],"colors":[1468044,4686504,16711422]},{"id":1728,"name":"Gate","type":0,"category":0,"actions":["Open"],"coordinates":[[8708,35006]],"size":[1,1,240],"rotations":[0],"colors":[11185077,4390912,6381927,11185077,6381927,4390912]},{"id":1570,"name":"Gate","type":10,"category":0,"actions":[],"coordinates":[[8710,35006]],"size":[1,2,120],"rotations":[3],"colors":[11185077]},{"id":14675,"name":"Skeleton","type":10,"category":0,"actions":[],"coordinates":[[8714,35034],[8724,35032],[8784,34888]],"size":[2,1,56],"rotations":[0,1,1],"colors":[14474976,11185077]},{"id":1727,"name":"Gate","type":0,"category":0,"actions":["Open"],"coordinates":[[8712,35006]],"size":[1,1,240],"rotations":[0],"colors":[11185077,4390912,6381927,11185077,6381927,4390912]},{"id":14666,"name":"Tree","type":10,"category":0,"actions":[],"coordinates":[[8720,34926]],"size":[1,1,166],"rotations":[0],"colors":[1076076,1073762,2586745]},{"id":14738,"name":"Tree","type":10,"category":0,"actions":[],"coordinates":[[8724,35018],[8736,34990],[8748,35030],[8776,34998],[8812,35014],[8856,35054],[8856,34994],[8860,35026],[8888,35010]],"size":[1,1,366],"rotations":[0,0,0,0,0,0,0,0,0],"colors":[4934747,65536,4210764,2960701]},{"id":14673,"name":"Skeleton","type":10,"category":0,"actions":[],"coordinates":[[8732,35054],[8760,34878]],"size":[1,1,67],"rotations":[0,0],"colors":[14474976]},{"id":14665,"name":"Tree","type":10,"category":0,"actions":[],"coordinates":[[8732,34830],[8904,34826]],"size":[1,1,241],"rotations":[0,0],"colors":[2586745,1076076,1073762,1475674,1473868,1078589]},{"id":14683,"name":"Bones","type":10,"category":0,"actions":[],"coordinates":[[8738,34956]],"size":[2,2,44],"rotations":[0],"colors":[14474976]},{"id":14677,"name":"Bones","type":10,"category":0,"actions":[],"coordinates":[[8772,34978],[8800,34878]],"size":[1,1,25],"rotations":[0,0],"colors":[14474976]},{"id":14682,"name":"Bones","type":10,"category":0,"actions":[],"coordinates":[[8782,34988]],"size":[2,2,47],"rotations":[0],"colors":[14474976]},{"id":14676,"name":"Bones","type":10,"category":0,"actions":[],"coordinates":[[8780,34846]],"size":[1,1,54],"rotations":[0],"colors":[14474976]},{"id":14664,"name":"Tree","type":10,"category":0,"actions":[],"coordinates":[[8786,34944]],"size":[2,2,338],"rotations":[0],"colors":[1073762,1076076,2586745]},{"id":14684,"name":"Bones","type":10,"category":0,"actions":[],"coordinates":[[8818,34876]],"size":[2,2,51],"rotations":[0],"colors":[14474976]},{"id":14678,"name":"Bones","type":10,"category":0,"actions":[],"coordinates":[[8820,34902],[8824,34918]],"size":[1,1,44],"rotations":[0,0],"colors":[14474976]},{"id":14680,"name":"Bones","type":10,"category":0,"actions":[],"coordinates":[[8828,34986],[8840,34866]],"size":[1,1,21],"rotations":[0,0],"colors":[14474976]},{"id":14685,"name":"Bones","type":10,"category":0,"actions":[],"coordinates":[[8830,34828]],"size":[2,2,65],"rotations":[0],"colors":[14474976]},{"id":14679,"name":"Bones","type":10,"category":0,"actions":[],"coordinates":[[8848,34954],[8852,34954]],"size":[1,1,30],"rotations":[0,0],"colors":[14474976]},{"id":14681,"name":"Bones","type":10,"category":0,"actions":[],"coordinates":[[8874,34980]],"size":[2,2,60],"rotations":[0],"colors":[14474976]}]