[{"id":18895,"name":"Rockslide","type":10,"category":0,"actions":[],"coordinates":[[8994,37972],[8998,37988],[9010,37968],[9014,37984],[9030,38036],[9038,38044],[9038,38028],[9054,38036],[9054,38024],[9114,38020],[9126,38032],[9130,38016],[9134,38024],[9170,37892],[9202,37888]],"size":[2,2,43],"rotations":[0,0,0,0,0,0,0,0,0,0,0,0,0,0,0],"colors":[5540258]},{"id":18893,"name":"Rockslide","type":10,"category":0,"actions":[],"coordinates":[[8998,37980],[9002,37972],[9010,37976],[9038,38036],[9046,38024],[9118,38028],[9122,38016],[9178,37888]],"size":[2,2,87],"rotations":[0,0,0,0,0,0,0,0],"colors":[5540258]},{"id":18892,"name":"Rockslide","type":10,"category":0,"actions":[],"coordinates":[[9006,37984],[9046,38032],[9126,38024],[9194,37888]],"size":[2,2,87],"rotations":[0,0,0,0],"colors":[5540258]},{"id":1405,"name":"Cactus","type":10,"category":0,"actions":[],"coordinates":[[9010,38076],[9022,38092],[9022,37972],[9026,38088],[9046,38000],[9130,38044]],"size":[2,2,169],"rotations":[0,0,0,0,0,0],"colors":[1475712,1073762]},{"id":2670,"name":"Kharidian cactus (Healthy)","type":10,"category":1632,"actions":["Cut"],"coordinates":[[9016,38114],[9024,38002],[9064,38018],[9072,38062],[9072,37978],[9120,38102],[9120,37986],[9128,38054],[9156,38022],[9168,38050],[9180,38078]],"size":[1,1,148],"rotations":[0,0,0,0,0,0,0,0,0,0,0],"colors":[1475683,1073762]},{"id":1406,"name":"Cactus","type":10,"category":0,"actions":[],"coordinates":[[9022,38064],[9034,38100],[9114,38124],[9146,38020]],"size":[2,2,128],"rotations":[0,0,0,0],"colors":[1812119,12505301]},{"id":1123,"name":"Bush","type":10,"category":0,"actions":[],"coordinates":[[9030,37944],[9082,37972],[9090,38088],[9178,37964]],"size":[2,2,137],"rotations":[0,0,0,0],"colors":[4214361]},{"id":1403,"name":"Cactus","type":10,"category":0,"actions":[],"coordinates":[[9034,38020],[9046,38048],[9062,38028]],"size":[2,2,256],"rotations":[0,0,0],"colors":[1479542]},{"id":2692,"name":"Prison door","type":0,"category":0,"actions":["Open"],"coordinates":[[9092,37934]],"size":[1,1,240],"rotations":[0],"colors":[65536,8684685,11185077]},{"id":358,"name":"Crate","type":10,"category":0,"actions":["Search"],"coordinates":[[9096,37950],[9144,37942]],"size":[1,1,160],"rotations":[0,0],"colors":[13254912]},{"id":357,"name":"Crate","type":10,"category":0,"actions":["Search"],"coordinates":[[9096,37946],[9100,37954],[9100,37950],[9128,37966],[9140,37942]],"size":[1,1,80],"rotations":[0,0,0,0,0],"colors":[13254912,4292763]},{"id":1404,"name":"Cactus","type":10,"category":0,"actions":[],"coordinates":[[9106,38012],[9134,38032]],"size":[2,2,340],"rotations":[0,0],"colors":[1475683]},{"id":4031,"name":"Shantay pass","type":10,"category":0,"actions":["Go-through","Look-at"],"coordinates":[[9118,37966]],"size":[4,1,280],"rotations":[0],"colors":[6178560]},{"id":18874,"name":"Danger sign","type":11,"category":0,"actions":[],"coordinates":[[9112,37958],[9124,37958]],"size":[1,1,138],"rotations":[0,0],"colors":[5016242,6197685,3637934,3307680,4816301,1464196,1468044,6527165,1466771,1055596,6791109,3173275,4420768,7772349,8036037,6393273]},{"id":18894,"name":"Rockslide","type":10,"category":0,"actions":[],"coordinates":[[9118,38008],[9126,38008],[9186,37888],[9210,37888]],"size":[2,2,43],"rotations":[0,0,0,0],"colors":[5540258]},{"id":28999,"name":"null","type":10,"category":960,"actions":["Build","Search"],"coordinates":[[9136,37930]],"size":[1,1,0],"rotations":[0],"colors":[]},{"id":2693,"name":"Bank chest","type":10,"category":237,"actions":["Use","Collect"],"coordinates":[[9140,37950]],"size":[1,1,164],"rotations":[0],"colors":[13254912,9145493]},{"id":26818,"name":"null","type":10,"category":761,"actions":[],"coordinates":[[9140,37938]],"size":[1,1,0],"rotations":[0],"colors":[]},{"id":10529,"name":"Bank Deposit Box","type":10,"category":276,"actions":["Deposit"],"coordinates":[[9140,37934]],"size":[1,1,240],"rotations":[0],"colors":[9145493,1467005,6178560,10000803,65536]},{"id":7391,"name":"Rolled up rug","type":10,"category":0,"actions":[],"coordinates":[[9144,37990]],"size":[1,1,24],"rotations":[0],"colors":[7567289,1463955,4573405,1795500,2334409,5745101,3511974]},{"id":7393,"name":"Little tent","type":10,"category":0,"actions":[],"coordinates":[[9148,38002]],"size":[1,1,193],"rotations":[0],"colors":[8882876,8893116,2342355,15188890]},{"id":366,"name":"Crate","type":10,"category":0,"actions":["Search"],"coordinates":[[9152,37998]],"size":[1,1,80],"rotations":[0],"colors":[13254912]},{"id":7392,"name":"Rolled up rugs","type":10,"category":0,"actions":[],"coordinates":[[9152,37992]],"size":[1,2,63],"rotations":[2],"colors":[4573405,7567289,4434900,3511974,2109620,4031995,2598885,12853335,13181879,12503253]},{"id":30180,"name":"Cave","type":10,"category":0,"actions":["Enter"],"coordinates":[[9182,37942]],"size":[3,2,238],"rotations":[3],"colors":[1468044,1463165,65536,4157,1054297,1059436]}]