[{"id":26712,"name":"Crevice","type":0,"category":0,"actions":["Use"],"coordinates":[[9128,12442]],"size":[1,1,240],"rotations":[0],"colors":[65536,5540258,4028048,4028048,65536,5540258]},{"id":26717,"name":"Sack","type":10,"category":0,"actions":[],"coordinates":[[9128,12410],[9136,12406]],"size":[1,1,107],"rotations":[0,0],"colors":[4023671,8216832,6717581,5666697,5140094]},{"id":26719,"name":"Sacks","type":10,"category":0,"actions":[],"coordinates":[[9136,12410]],"size":[1,1,42],"rotations":[0],"colors":[1806508]},{"id":26718,"name":"Sacks","type":10,"category":0,"actions":[],"coordinates":[[9140,12406]],"size":[1,1,42],"rotations":[0],"colors":[1806508]}]