[{"id":6299,"name":"Skeleton","type":11,"category":0,"actions":[],"coordinates":[[9064,112],[9108,128]],"size":[2,1,56],"rotations":[1,1],"colors":[14474976,11185077]},{"id":36217,"name":"Crystal outcrop","type":10,"category":0,"actions":[],"coordinates":[[9064,106],[9084,94],[9096,138]],"size":[1,1,168],"rotations":[0,0,0],"colors":[15132378]},{"id":654,"name":"null","type":22,"category":1684,"actions":[],"coordinates":[[9068,114],[9100,102],[9104,130]],"size":[1,1,2],"rotations":[0,0,0],"colors":[1451916]},{"id":653,"name":"null","type":22,"category":1684,"actions":[],"coordinates":[[9068,106],[9076,126],[9080,98],[9088,114],[9096,126]],"size":[1,1,2],"rotations":[0,0,0,0,0],"colors":[1451916]},{"id":652,"name":"null","type":22,"category":1684,"actions":[],"coordinates":[[9072,118],[9076,106],[9088,102],[9096,130],[9096,110]],"size":[1,1,2],"rotations":[0,0,0,0,0],"colors":[1451916]},{"id":6297,"name":"Skeleton","type":11,"category":0,"actions":[],"coordinates":[[9076,94]],"size":[1,1,67],"rotations":[0],"colors":[14474976]},{"id":36597,"name":"Steps","type":10,"category":0,"actions":["Exit"],"coordinates":[[9084,140]],"size":[3,2,243],"rotations":[2],"colors":[9474184,8289911,13224128,9013376,12895163,7894883,8487019,7763310,12566197,7171162,7105638,6447707,12237231,6776395,5855040,11711143,5262890,4012800,4013357,5000256,11316386,10921371,5986891]},{"id":36218,"name":"Crystal outcrop","type":10,"category":0,"actions":[],"coordinates":[[9080,94]],"size":[1,1,86],"rotations":[0],"colors":[15132378]},{"id":6298,"name":"Skeleton","type":10,"category":0,"actions":[],"coordinates":[[9100,138]],"size":[1,1,99],"rotations":[0],"colors":[14474976]}]