[{"id":26727,"name":"Exit portal","type":10,"category":754,"actions":["Forfeit"],"coordinates":[[9074,30708]],"size":[4,2,299],"rotations":[0],"colors":[2571744,5723997,6381927,11886228,11685005,11417478,10498683,10099571]},{"id":26728,"name":"Exit portal","type":10,"category":754,"actions":["Forfeit"],"coordinates":[[9074,30476]],"size":[4,2,299],"rotations":[2],"colors":[2571744,5723997,6381927,11886228,11685005,11417478,10498683,10099571]},{"id":26738,"name":"Portal","type":10,"category":755,"actions":["Exit"],"coordinates":[[9196,30662],[9196,30522]],"size":[1,1,67],"rotations":[0,0],"colors":[9239548]},{"id":26741,"name":"Viewing orb","type":10,"category":756,"actions":["Use"],"coordinates":[[9196,30606],[9196,30578]],"size":[1,1,223],"rotations":[0,0],"colors":[15524834,8158597,4934480,6381927]}]