[{"id":14636,"name":"Tree","type":10,"category":0,"actions":[],"coordinates":[[9216,35266],[9220,35258],[9224,35246],[9236,35254],[9244,35230],[9248,35254],[9256,35238]],"size":[1,1,263],"rotations":[0,0,0,0,0,0,0],"colors":[1076076,2586745]},{"id":14637,"name":"Tree","type":10,"category":0,"actions":[],"coordinates":[[9220,35274],[9224,35266],[9228,35274],[9232,35266],[9232,35242],[9232,35226],[9244,35262],[9244,35218],[9256,35250]],"size":[1,1,198],"rotations":[0,0,0,0,0,0,0,0,0],"colors":[1076076,2777957,2586745]},{"id":1282,"name":"Dead tree","type":10,"category":189,"actions":["Chop down"],"coordinates":[[9230,35284],[9230,35256],[9242,35240]],"size":[2,2,510],"rotations":[0,0,0],"colors":[4214361,4020837]},{"id":14652,"name":"Bones","type":10,"category":0,"actions":[],"coordinates":[[9230,35176]],"size":[2,2,60],"rotations":[0],"colors":[14474976]},{"id":14651,"name":"Bones","type":10,"category":0,"actions":[],"coordinates":[[9232,35210]],"size":[1,1,21],"rotations":[0],"colors":[14474976]},{"id":665,"name":"Corpse","type":10,"category":0,"actions":[],"coordinates":[[9232,35106]],"size":[1,1,99],"rotations":[0],"colors":[14474976]},{"id":667,"name":"Corpse","type":10,"category":0,"actions":[],"coordinates":[[9238,35094],[9244,35092]],"size":[2,1,99],"rotations":[0,1],"colors":[7566202,10790320,14474976]},{"id":14638,"name":"Tree Stump","type":10,"category":0,"actions":[],"coordinates":[[9240,35138],[9244,35118]],"size":[1,1,50],"rotations":[0,0],"colors":[5669001,2974573,6719117,5142142]},{"id":14644,"name":"Skeleton","type":10,"category":0,"actions":[],"coordinates":[[9252,35146],[9260,35090]],"size":[1,1,67],"rotations":[0,0],"colors":[14474976]},{"id":14650,"name":"Bones","type":10,"category":0,"actions":[],"coordinates":[[9256,35214]],"size":[1,1,30],"rotations":[0],"colors":[14474976]},{"id":14647,"name":"Bones","type":10,"category":0,"actions":[],"coordinates":[[9260,35218]],"size":[1,1,54],"rotations":[0],"colors":[14474976]},{"id":14654,"name":"Bones","type":10,"category":0,"actions":[],"coordinates":[[9262,35108]],"size":[2,2,44],"rotations":[0],"colors":[14474976]},{"id":14646,"name":"Skeleton","type":10,"category":0,"actions":[],"coordinates":[[9266,35242]],"size":[2,1,56],"rotations":[0],"colors":[14474976,11185077]},{"id":14649,"name":"Bones","type":10,"category":0,"actions":[],"coordinates":[[9272,35202]],"size":[1,1,44],"rotations":[0],"colors":[14474976]},{"id":14648,"name":"Bones","type":10,"category":0,"actions":[],"coordinates":[[9272,35142]],"size":[1,1,25],"rotations":[0],"colors":[14474976]},{"id":1286,"name":"Dead tree","type":10,"category":189,"actions":["Chop down"],"coordinates":[[9276,35222]],"size":[1,1,289],"rotations":[0],"colors":[1068652,1071989]},{"id":14645,"name":"Skeleton","type":10,"category":0,"actions":[],"coordinates":[[9288,35242]],"size":[1,1,99],"rotations":[0],"colors":[14474976]},{"id":14653,"name":"Bones","type":10,"category":0,"actions":[],"coordinates":[[9302,35212]],"size":[2,2,47],"rotations":[0],"colors":[14474976]}]