[{"id":14680,"name":"Bones","type":10,"category":0,"actions":[],"coordinates":[[9216,34978],[9240,34842],[9260,35014]],"size":[1,1,21],"rotations":[0,0,0],"colors":[14474976]},{"id":14679,"name":"Bones","type":10,"category":0,"actions":[],"coordinates":[[9232,34878],[9252,34942]],"size":[1,1,30],"rotations":[0,0],"colors":[14474976]},{"id":14678,"name":"Bones","type":10,"category":0,"actions":[],"coordinates":[[9244,34910],[9272,34906]],"size":[1,1,44],"rotations":[0,0],"colors":[14474976]},{"id":14677,"name":"Bones","type":10,"category":0,"actions":[],"coordinates":[[9244,34882],[9272,34926]],"size":[1,1,25],"rotations":[0,0],"colors":[14474976]},{"id":1728,"name":"Gate","type":0,"category":0,"actions":["Open"],"coordinates":[[9248,34846]],"size":[1,1,240],"rotations":[0],"colors":[11185077,4390912,6381927,11185077,6381927,4390912]},{"id":1727,"name":"Gate","type":0,"category":0,"actions":["Open"],"coordinates":[[9252,34846]],"size":[1,1,240],"rotations":[0],"colors":[11185077,4390912,6381927,11185077,6381927,4390912]},{"id":14556,"name":"Stone Pile","type":10,"category":0,"actions":[],"coordinates":[[9336,34886],[9336,34866],[9356,34834],[9364,34910],[9364,34854],[9368,34866],[9388,34874],[9404,34906],[9408,34886]],"size":[1,1,53],"rotations":[0,0,0,0,0,0,0,0,0],"colors":[6712422]},{"id":14557,"name":"Stone Pile","type":10,"category":0,"actions":[],"coordinates":[[9344,34898],[9368,34878],[9372,34890],[9372,34834],[9380,34846],[9388,34858],[9440,34910]],"size":[1,1,53],"rotations":[0,0,0,0,0,0,0],"colors":[6712422]},{"id":26782,"name":"null","type":10,"category":1213,"actions":[],"coordinates":[[9400,34858]],"size":[3,3,0],"rotations":[0],"colors":[]}]