[{"id":1278,"name":"Tree","type":10,"category":189,"actions":["Chop down"],"coordinates":[[9222,26756],[9226,26732],[9254,26744],[9254,26720],[9298,26696],[9326,26628]],"size":[2,2,372],"rotations":[0,0,0,0,0,0],"colors":[4419840,4017253]},{"id":1286,"name":"Dead tree","type":10,"category":189,"actions":["Chop down"],"coordinates":[[9228,26830],[9228,26806],[9236,26814],[9240,26802],[9240,26794],[9256,26798],[9260,26806],[9268,26826]],"size":[1,1,289],"rotations":[0,0,0,0,0,0,0,0],"colors":[1068652,1071989]},{"id":875,"name":"Bath","type":10,"category":0,"actions":[],"coordinates":[[9228,26652]],"size":[1,2,124],"rotations":[2],"colors":[15987185,7566202]},{"id":690,"name":"Bath screen","type":10,"category":0,"actions":[],"coordinates":[[9230,26646]],"size":[1,2,237],"rotations":[3],"colors":[1464957,12604160]},{"id":689,"name":"Mirror","type":10,"category":0,"actions":[],"coordinates":[[9228,26634]],"size":[1,1,245],"rotations":[0],"colors":[3644846,15987697,1470589]},{"id":10820,"name":"Oak tree","type":10,"category":279,"actions":["Chop down"],"coordinates":[[9236,26718],[9356,26630],[9424,26754],[9440,26734],[9444,26678],[9452,26770],[9452,26702],[9460,26674]],"size":[3,3,435],"rotations":[0,0,0,0,0,0,0,0],"colors":[4017253,4419840]},{"id":871,"name":"Bath pipes","type":10,"category":0,"actions":[],"coordinates":[[9232,26654]],"size":[1,1,229],"rotations":[0],"colors":[6381927,65536,4934480,5860751,8158597]},{"id":1540,"name":"Door","type":0,"category":0,"actions":["Open"],"coordinates":[[9232,26642],[9264,26642],[9276,26642]],"size":[1,1,240],"rotations":[0,0,0],"colors":[3309728,5935531,3640494,1800346,4812426,3309728,5935531,3640494,1800346,4812426]},{"id":874,"name":"Sink","type":10,"category":0,"actions":[],"coordinates":[[9232,26636]],"size":[1,2,199],"rotations":[2],"colors":[13254912,13882329,11185077,2579065,15058176,9145493]},{"id":879,"name":"Fountain","type":10,"category":244,"actions":[],"coordinates":[[9238,26688],[9282,26688]],"size":[2,2,352],"rotations":[0,0],"colors":[7834257,7566202,15058176,11185077,8690081,8294809,9150632,15451648,10199974]},{"id":348,"name":"Drawers","type":10,"category":0,"actions":["Open"],"coordinates":[[9236,26650],[9240,26650],[9268,26634]],"size":[1,1,128],"rotations":[0,0,0],"colors":[4224149,4936448,12040385,16711422]},{"id":894,"name":"Landscape","type":4,"category":0,"actions":[],"coordinates":[[9236,26646],[9252,26638]],"size":[1,1,232],"rotations":[0,0],"colors":[3006971,13846272]},{"id":893,"name":"Painting","type":4,"category":0,"actions":[],"coordinates":[[9236,26634],[9280,26646]],"size":[1,1,232],"rotations":[0,0],"colors":[3006971,13846272]},{"id":1282,"name":"Dead tree","type":10,"category":189,"actions":["Chop down"],"coordinates":[[9242,26824],[9266,26816]],"size":[2,2,510],"rotations":[0,0],"colors":[4214361,4020837]},{"id":1153,"name":"Potted fern","type":10,"category":0,"actions":[],"coordinates":[[9240,26630],[9288,26630],[9360,26758]],"size":[1,1,68],"rotations":[0,0,0],"colors":[2136603,1798828,1065314]},{"id":2711,"name":"Stairs","type":10,"category":0,"actions":["Climb-up","Investigate"],"coordinates":[[9246,26642]],"size":[2,3,240],"rotations":[2],"colors":[1800346,8684685,10000803,6381927]},{"id":1277,"name":"Tree","type":10,"category":189,"actions":["Chop down"],"coordinates":[[9250,26872],[9254,26852]],"size":[2,2,290],"rotations":[0,0],"colors":[4017253,4419840]},{"id":881,"name":"Manhole","type":10,"category":0,"actions":["Open"],"coordinates":[[9248,26758]],"size":[1,1,13],"rotations":[0],"colors":[10658476,5988955,10000803,9145493,8158597,9605787,6381927]},{"id":1124,"name":"Bush","type":10,"category":0,"actions":[],"coordinates":[[9252,26674],[9268,26674]],"size":[1,1,90],"rotations":[0,0],"colors":[4419840,4419840]},{"id":892,"name":"Painting","type":4,"category":0,"actions":[],"coordinates":[[9252,26646],[9268,26646]],"size":[1,1,231],"rotations":[0,0],"colors":[3006971,13846272]},{"id":1158,"name":"Potted plant","type":10,"category":0,"actions":[],"coordinates":[[9256,26762],[9256,26638],[9316,26750],[9328,26682],[9332,26766],[9348,26770],[9352,26646],[9364,26762]],"size":[1,1,252],"rotations":[0,0,0,0,0,0,0,0],"colors":[1470596,9480880,1813621]},{"id":15465,"name":"Display board","type":10,"category":0,"actions":[],"coordinates":[[9256,26758],[9284,26758]],"size":[1,1,192],"rotations":[0,0],"colors":[7039858,8692106,14935015,8489117,9812966,8094101,9152656,9152670,15394272,10732741,12829643,13553364,9344684]},{"id":575,"name":"Statue","type":10,"category":0,"actions":[],"coordinates":[[9256,26650],[9264,26650]],"size":[1,1,174],"rotations":[0,0],"colors":[11185077,8763568]},{"id":2705,"name":"Door","type":0,"category":0,"actions":["Open"],"coordinates":[[9256,26642]],"size":[1,1,240],"rotations":[0],"colors":[3309728,5935531,3640494,1800346,4812426,3309728,5935531,3640494,1800346,4812426]},{"id":364,"name":"Barrel","type":10,"category":0,"actions":[],"coordinates":[[9256,26634],[9260,26634],[9308,26838],[9384,26842],[9436,26798],[9448,26838]],"size":[1,1,96],"rotations":[0,0,0,0,0,0],"colors":[10000803,11711164,4936448,8158597]},{"id":29495,"name":"null","type":10,"category":522,"actions":[],"coordinates":[[9260,26870]],"size":[1,1,0],"rotations":[0],"colors":[]},{"id":1280,"name":"Tree","type":10,"category":189,"actions":["Chop down"],"coordinates":[[9262,26856]],"size":[2,2,372],"rotations":[0],"colors":[4419840,4017253]},{"id":1568,"name":"Gate","type":0,"category":0,"actions":["Open"],"coordinates":[[9260,26706]],"size":[1,1,240],"rotations":[0],"colors":[11185077,4390912,6381927,11185077,6381927,4390912]},{"id":2706,"name":"Door","type":0,"category":0,"actions":["Open"],"coordinates":[[9260,26650]],"size":[1,1,240],"rotations":[0],"colors":[3309728,5935531,3640494,1800346,4812426,3309728,5935531,3640494,1800346,4812426]},{"id":15464,"name":"Picture","type":4,"category":0,"actions":[],"coordinates":[[9264,26758],[9276,26770]],"size":[1,1,238],"rotations":[0,0],"colors":[65536,9087168,7632269,8684685,13940642]},{"id":1569,"name":"Gate","type":0,"category":0,"actions":["Open"],"coordinates":[[9264,26706]],"size":[1,1,240],"rotations":[0],"colors":[11185077,4390912,6381927,11185077,6381927,4390912]},{"id":374,"name":"Hat stand","type":10,"category":153,"actions":[],"coordinates":[[9264,26638]],"size":[1,1,212],"rotations":[0],"colors":[1076853]},{"id":1088,"name":"Chair","type":10,"category":0,"actions":[],"coordinates":[[9268,26770],[9392,26762],[9396,26766],[9448,26654],[9452,26650]],"size":[1,1,144],"rotations":[0,0,0,0,0],"colors":[2974350,2778759]},{"id":612,"name":"Counter","type":10,"category":156,"actions":[],"coordinates":[[9270,26766],[9294,26854],[9306,26854],[9318,26758],[9328,26764],[9360,26768],[9412,26672],[9412,26660]],"size":[2,1,120],"rotations":[2,2,2,0,1,1,1,1],"colors":[13254912,16711422]},{"id":346,"name":"Cabinet","type":10,"category":0,"actions":[],"coordinates":[[9268,26650],[9276,26646],[9276,26638],[9420,26666]],"size":[1,1,225],"rotations":[0,0,0,0],"colors":[12040385,65536,4296091,2772581,16711422,2582393]},{"id":347,"name":"Cabinet","type":10,"category":0,"actions":[],"coordinates":[[9268,26638]],"size":[1,1,225],"rotations":[0],"colors":[12040385,65536,4296091,2772581,16711422,2582393]},{"id":2708,"name":"Crate","type":10,"category":0,"actions":["Investigate"],"coordinates":[[9272,26654],[9320,26850]],"size":[1,1,80],"rotations":[0,0],"colors":[13254912]},{"id":574,"name":"Statue","type":10,"category":0,"actions":[],"coordinates":[[9276,26674],[9316,26810],[9316,26790]],"size":[1,1,176],"rotations":[0,0,0],"colors":[11185077,8763568]},{"id":1276,"name":"Tree","type":10,"category":189,"actions":["Chop down"],"coordinates":[[9282,26788],[9314,26664],[9374,26784],[9426,26624],[9438,26776],[9438,26652],[9446,26752],[9462,26788],[9462,26732]],"size":[2,2,290],"rotations":[0,0,0,0,0,0,0,0,0],"colors":[4017253,4419840]},{"id":608,"name":"Study desk","type":10,"category":154,"actions":[],"coordinates":[[9282,26766]],"size":[2,1,160],"rotations":[0],"colors":[6454920,4812426,1469456,65536]},{"id":891,"name":"Landscape","type":4,"category":0,"actions":[],"coordinates":[[9280,26638],[9316,26722]],"size":[1,1,231],"rotations":[0,0],"colors":[3006971,13846272]},{"id":595,"name":"Table","type":10,"category":156,"actions":[],"coordinates":[[9282,26634],[9304,26736],[9374,26626]],"size":[2,1,89],"rotations":[0,3,0],"colors":[5538466,5863311,4812426]},{"id":307,"name":"Cart","type":10,"category":0,"actions":[],"coordinates":[[9286,26830],[9434,26702]],"size":[2,3,188],"rotations":[0,2],"colors":[3766153,5997972,8158597]},{"id":15562,"name":"Dragon's head","type":10,"category":0,"actions":[],"coordinates":[[9284,26650]],"size":[1,1,227],"rotations":[0],"colors":[4946320,6523808,1455492,1056885,1450109,2966414,65536,4016578,12830667,13554132,6715300,14606818,14212061]},{"id":1096,"name":"Rocking chair","type":10,"category":0,"actions":[],"coordinates":[[9284,26642],[9292,26638]],"size":[1,1,148],"rotations":[0,0],"colors":[2974350]},{"id":362,"name":"Barrel","type":10,"category":0,"actions":[],"coordinates":[[9288,26858],[9308,26842],[9324,26854],[9324,26850],[9328,26858],[9364,26834],[9364,26830],[9380,26838],[9416,26654],[9416,26650],[9456,26830]],"size":[1,1,96],"rotations":[0,0,0,0,0,0,0,0,0,0,0],"colors":[4936448,8158597]},{"id":352,"name":"Drawers","type":10,"category":0,"actions":["Open"],"coordinates":[[9288,26654]],"size":[1,1,176],"rotations":[0],"colors":[4224149,2583936,2607584]},{"id":17482,"name":"Dragon's head","type":10,"category":0,"actions":[],"coordinates":[[9292,26646]],"size":[1,1,228],"rotations":[0],"colors":[4946320,6523808,12702167,1455492,1056885,1450109,2966414,4016578,13096922,65536,6715300,5137301,14606818]},{"id":906,"name":"Bull's head","type":4,"category":0,"actions":[],"coordinates":[[9292,26642]],"size":[1,1,240],"rotations":[0],"colors":[16460,2778759,15725041,65536]},{"id":1535,"name":"Door","type":0,"category":0,"actions":["Open"],"coordinates":[[9296,26842],[9300,26678],[9312,26738],[9320,26746],[9320,26714],[9344,26766],[9356,26654],[9372,26818],[9384,26758],[9392,26830],[9396,26670],[9400,26654],[9420,26794],[9424,26814]],"size":[1,1,240],"rotations":[0,0,0,0,0,0,0,0,0,0,0,0,0,0],"colors":[3640494,1800346,4020837,6516344,3309728,1469331,3640494,1800346,4020837,6516344,3309728,1469331]},{"id":602,"name":"Table","type":10,"category":155,"actions":[],"coordinates":[[9300,26854],[9404,26650],[9448,26650]],"size":[1,1,89],"rotations":[0,0,0],"colors":[5538466,5863311,4812426]},{"id":1013,"name":"Cooking shelves","type":10,"category":0,"actions":[],"coordinates":[[9300,26746],[9308,26746]],"size":[1,1,208],"rotations":[0,0],"colors":[7116461,2582393,7039858,8684685,11711164,10461097,11185077,8158597,5143934]},{"id":350,"name":"Drawers","type":10,"category":0,"actions":["Open"],"coordinates":[[9300,26742]],"size":[1,1,144],"rotations":[0],"colors":[4224149,4937592,2583936,9605787]},{"id":1090,"name":"Chair","type":10,"category":0,"actions":[],"coordinates":[[9300,26738],[9300,26734],[9308,26734]],"size":[1,1,156],"rotations":[0,0,0],"colors":[1780384,2974350]},{"id":16668,"name":"Staircase","type":10,"category":0,"actions":["Climb-up"],"coordinates":[[9308,26726],[9312,26754],[9368,26766]],"size":[1,3,316],"rotations":[3,2,0],"colors":[2582400,1467005,5522176,16711422]},{"id":26815,"name":"null","type":10,"category":761,"actions":[],"coordinates":[[9308,26818]],"size":[1,1,0],"rotations":[0],"colors":[]},{"id":361,"name":"Boxes","type":10,"category":242,"actions":["Search"],"coordinates":[[9312,26858],[9316,26854],[9316,26842],[9388,26838],[9396,26806],[9400,26802],[9432,26806],[9432,26798]],"size":[1,1,100],"rotations":[0,0,0,0,0,0,0,0],"colors":[4936448]},{"id":26181,"name":"Range","type":10,"category":0,"actions":["Cook"],"coordinates":[[9312,26744]],"size":[1,2,224],"rotations":[2],"colors":[4934480,4013377,2967035,2129599,6508032,16711422,10790320,8158597,2769389]},{"id":16671,"name":"Staircase","type":10,"category":0,"actions":["Climb-up"],"coordinates":[[9314,26692],[9414,26732]],"size":[2,2,240],"rotations":[0,0],"colors":[6178560,1464957]},{"id":355,"name":"Crate","type":10,"category":0,"actions":["Search"],"coordinates":[[9316,26858],[9452,26830]],"size":[1,1,160],"rotations":[0,0],"colors":[13254912]},{"id":609,"name":"Workbench","type":10,"category":154,"actions":[],"coordinates":[[9318,26830]],"size":[2,1,256],"rotations":[2],"colors":[8158597,5723997,9605787,7039858,13254912]},{"id":354,"name":"Crate","type":10,"category":0,"actions":["Search"],"coordinates":[[9320,26858],[9320,26854]],"size":[1,1,80],"rotations":[0,0],"colors":[13254912,4292763]},{"id":359,"name":"Boxes","type":10,"category":242,"actions":["Search"],"coordinates":[[9320,26846],[9380,26846],[9384,26838],[9428,26702],[9432,26818],[9432,26810]],"size":[1,1,100],"rotations":[0,0,0,0,0,0],"colors":[4936448]},{"id":2707,"name":"Crate","type":10,"category":0,"actions":["Investigate"],"coordinates":[[9320,26842]],"size":[1,1,160],"rotations":[0],"colors":[13254912]},{"id":16683,"name":"Ladder","type":10,"category":0,"actions":["Climb-up"],"coordinates":[[9320,26810],[9320,26790],[9380,26774],[9416,26698]],"size":[1,1,264],"rotations":[0,0,0,0],"colors":[4290715,2130612,4936448,16711422]},{"id":817,"name":"Suit of armour","type":10,"category":0,"actions":[],"coordinates":[[9324,26734],[9324,26726],[9392,26658],[9408,26658]],"size":[1,1,231],"rotations":[0,0,0,0],"colors":[11185077,1781932,2342601,9145493,1464957,6710892,1055596,12040385,10000803,7566202]},{"id":604,"name":"Table","type":10,"category":154,"actions":[],"coordinates":[[9324,26694],[9396,26762],[9412,26710]],"size":[1,1,114],"rotations":[0,0,0],"colors":[11185077,9479344,5538466,5863311,4812426]},{"id":961,"name":"Bank notice board","type":4,"category":0,"actions":[],"coordinates":[[9332,26786],[9352,26806],[9352,26794]],"size":[1,1,224],"rotations":[0,0,0],"colors":[1467005,6178560,16119799,8158597]},{"id":27273,"name":"null","type":10,"category":884,"actions":["Open","Toggle XP"],"coordinates":[[9332,26786]],"size":[1,1,0],"rotations":[0],"colors":[]},{"id":1541,"name":"Door","type":9,"category":0,"actions":["Close"],"coordinates":[[9332,26750]],"size":[1,1,240],"rotations":[0],"colors":[3309728,5935531,3640494,1800346,4812426,3309728,5935531,3640494,1800346,4812426]},{"id":10529,"name":"Bank Deposit Box","type":10,"category":276,"actions":["Deposit"],"coordinates":[[9336,26814]],"size":[1,1,240],"rotations":[0],"colors":[9145493,1467005,6178560,10000803,65536]},{"id":1106,"name":"Bench","type":10,"category":0,"actions":[],"coordinates":[[9338,26766],[9394,26870]],"size":[2,1,106],"rotations":[2,0],"colors":[1800358]},{"id":35820,"name":"<col=ffff00>Man</col>","type":10,"category":0,"actions":[],"coordinates":[[9336,26738],[9340,26722],[9348,26734],[9352,26742],[9356,26726],[9356,26710],[9364,26746],[9364,26714],[9372,26734],[9380,26718],[9384,26738],[9388,26730],[9388,26710],[9396,26742]],"size":[1,1,203],"rotations":[0,0,0,0,0,0,0,0,0,0,0,0,0,0],"colors":[65536,9877468,2972269,5938859,1055586,5730424,1055596,5867833,11185077,4020855]},{"id":35822,"name":"<col=ffff00>Man</col>","type":10,"category":0,"actions":[],"coordinates":[[9336,26726],[9348,26742],[9352,26714],[9356,26730],[9364,26722],[9368,26738],[9372,26726],[9376,26718],[9384,26734],[9392,26742],[9392,26722]],"size":[1,1,202],"rotations":[0,0,0,0,0,0,0,0,0,0,0],"colors":[65536,9877468,2972269,8034473,12234671,1055596,5867833,4020855,2110911]},{"id":35823,"name":"<col=ffff00>Man</col>","type":10,"category":0,"actions":[],"coordinates":[[9336,26722],[9348,26730],[9356,26742],[9360,26726],[9364,26710],[9368,26718],[9376,26734],[9384,26722],[9388,26738],[9392,26730]],"size":[1,1,203],"rotations":[0,0,0,0,0,0,0,0,0,0],"colors":[65536,9877468,2972269,4020855,5938859,2785415,1055596,5867833,2110911]},{"id":695,"name":"Clothes model","type":10,"category":0,"actions":[],"coordinates":[[9336,26658]],"size":[1,1,168],"rotations":[0],"colors":[15396077,3174549]},{"id":607,"name":"Table","type":10,"category":154,"actions":[],"coordinates":[[9338,26654]],"size":[1,2,126],"rotations":[3],"colors":[2612960,13224400,10732741,10000803,16711422,65536,10998230,2579065,13254912]},{"id":35818,"name":"<col=ffff00>Man</col>","type":10,"category":0,"actions":[],"coordinates":[[9340,26730],[9344,26742],[9344,26714],[9348,26722],[9356,26754],[9360,26718],[9364,26738],[9368,26726],[9384,26742],[9388,26726],[9388,26714],[9396,26730]],"size":[1,1,203],"rotations":[0,0,0,0,0,0,0,0,0,0,0,0],"colors":[65536,9877468,2972269,5938859,1055586,5730424,1068633,4020855,1055596,5867833]},{"id":35821,"name":"<col=ffff00>Man</col>","type":10,"category":0,"actions":[],"coordinates":[[9340,26726],[9344,26750],[9344,26738],[9352,26710],[9356,26734],[9360,26742],[9364,26726],[9368,26714],[9376,26730],[9380,26738],[9380,26722],[9388,26746],[9392,26726],[9400,26734]],"size":[1,1,202],"rotations":[0,0,0,0,0,0,0,0,0,0,0,0,0,0],"colors":[11185077,4020855,1068633,65536,9874127,2972269,4013357,13883865,1055586,4997184]},{"id":35828,"name":"<col=ffff00>Woman</col>","type":10,"category":0,"actions":[],"coordinates":[[9340,26718],[9348,26738],[9352,26726],[9360,26734],[9372,26742],[9372,26714],[9380,26730],[9392,26746],[9392,26718]],"size":[1,1,199],"rotations":[0,0,0,0,0,0,0,0,0],"colors":[65536,9877468,2972269,5938859,4020855,5867833,1073762,12234671]},{"id":17026,"name":"Ladder","type":10,"category":0,"actions":["Climb-up"],"coordinates":[[9340,26646]],"size":[1,1,264],"rotations":[0],"colors":[4290715,2130612,4936448,16711422]},{"id":2515,"name":"Row boat","type":11,"category":0,"actions":[],"coordinates":[[9348,26870]],"size":[3,3,128],"rotations":[0],"colors":[2135743,2579065,8158597,13254912,11596,1068149,3173275]},{"id":10355,"name":"Bank booth","type":10,"category":684,"actions":["Bank","Collect"],"coordinates":[[9344,26814],[9344,26790]],"size":[1,1,224],"rotations":[0,0],"colors":[6381927,4424864,1467005,16316664,6178560]},{"id":591,"name":"Bank table","type":10,"category":154,"actions":[],"coordinates":[[9344,26808],[9404,26644],[9410,26650]],"size":[2,1,120],"rotations":[1,3,2],"colors":[6178560,1467005,16711422,4285821,16316664,65536,15527919]},{"id":10356,"name":"null","type":10,"category":684,"actions":["Bank","Collect","Deposit-box"],"coordinates":[[9344,26802]],"size":[1,1,0],"rotations":[0],"colors":[]},{"id":590,"name":"Bank table","type":10,"category":154,"actions":[],"coordinates":[[9344,26796]],"size":[2,1,184],"rotations":[1],"colors":[8684685,10790320,6453128,7566202,7039858,4934480,6178560,1467005,16711422,16316664,4285821]},{"id":35829,"name":"<col=ffff00>Woman</col>","type":10,"category":0,"actions":[],"coordinates":[[9344,26734],[9344,26718],[9352,26722],[9356,26746],[9364,26730],[9376,26738],[9388,26722],[9392,26734],[9392,26714]],"size":[1,1,198],"rotations":[0,0,0,0,0,0,0,0,0],"colors":[9877468,2972269,65536,1073762,5867833,5938859,12234671,4020855,2110911,11185077]},{"id":35827,"name":"<col=ffff00>Woman</col>","type":10,"category":0,"actions":[],"coordinates":[[9344,26730],[9352,26718],[9360,26746],[9364,26734],[9368,26722],[9372,26730],[9380,26714],[9384,26726],[9388,26742],[9388,26718],[9396,26738]],"size":[1,1,200],"rotations":[0,0,0,0,0,0,0,0,0,0,0],"colors":[9877468,65536,2972269,5938859,1073762,5867833,1068633,12234671,4020855,11185077]},{"id":35819,"name":"<col=ffff00>Man</col>","type":10,"category":0,"actions":[],"coordinates":[[9344,26726],[9352,26746],[9356,26738],[9356,26722],[9356,26714],[9368,26734],[9372,26718],[9376,26742],[9384,26730],[9392,26738]],"size":[1,1,202],"rotations":[0,0,0,0,0,0,0,0,0,0],"colors":[65536,9877468,2972269,5938859,1055586,5730424,5867833,4020855,1055596,11185077]},{"id":35826,"name":"<col=ffff00>Woman</col>","type":10,"category":0,"actions":[],"coordinates":[[9344,26722],[9352,26730],[9360,26738],[9364,26718],[9376,26726],[9376,26710],[9380,26742],[9384,26714],[9396,26734]],"size":[1,1,198],"rotations":[0,0,0,0,0,0,0,0,0],"colors":[9877468,2972269,65536,1055596,5867833,5938859,12234671,4020855,11185077]},{"id":35817,"name":"<col=ffff00>Knight of Ardougne</col>","type":10,"category":0,"actions":[],"coordinates":[[9344,26702],[9356,26702],[9368,26702],[9380,26702],[9392,26702]],"size":[1,1,216],"rotations":[0,0,0,0,0],"colors":[11185077,16579836,65536,1781932,4934480,7039858,9145493,1470596,2785415,4020855,10790320,3013115,2612960]},{"id":694,"name":"Clothes model","type":10,"category":0,"actions":[],"coordinates":[[9344,26658]],"size":[1,1,168],"rotations":[0],"colors":[15396077,3174549]},{"id":1154,"name":"Potted fern","type":10,"category":0,"actions":[],"coordinates":[[9348,26762]],"size":[1,1,106],"rotations":[0],"colors":[1798828,1065314,1803286]},{"id":35824,"name":"<col=ffff00>Woman</col>","type":10,"category":0,"actions":[],"coordinates":[[9348,26726],[9348,26714],[9352,26734],[9360,26722],[9364,26742],[9368,26730],[9368,26710],[9372,26738],[9380,26726],[9384,26718],[9388,26734]],"size":[1,1,204],"rotations":[0,0,0,0,0,0,0,0,0,0,0],"colors":[9877468,2972269,65536,4020855,5867833,5938859,1055596,11185077,12234671]},{"id":35825,"name":"<col=ffff00>Woman</col>","type":10,"category":0,"actions":[],"coordinates":[[9348,26718],[9352,26738],[9360,26730],[9360,26714],[9368,26742],[9376,26722],[9380,26734],[9380,26710],[9396,26726]],"size":[1,1,207],"rotations":[0,0,0,0,0,0,0,0,0],"colors":[65536,9877468,2972269,5938859,1073762,5867833,12234671,4020855,11185077,1781932]},{"id":873,"name":"Sink","type":10,"category":0,"actions":[],"coordinates":[[9352,26840],[9422,26694]],"size":[1,2,199],"rotations":[0,1],"colors":[13254912,13882329,11185077,2579065,15058176,9145493]},{"id":1102,"name":"Stool","type":10,"category":0,"actions":[],"coordinates":[[9356,26846],[9368,26846],[9372,26850],[9376,26842],[9392,26862],[9396,26866],[9404,26866],[9408,26850],[9412,26858],[9416,26846],[9420,26850]],"size":[1,1,64],"rotations":[0,0,0,0,0,0,0,0,0,0,0],"colors":[2579065]},{"id":1152,"name":"Potted fern","type":10,"category":0,"actions":[],"coordinates":[[9356,26758]],"size":[1,1,98],"rotations":[0],"colors":[1803286,1798828,1065314]},{"id":598,"name":"Table","type":10,"category":155,"actions":[],"coordinates":[[9360,26846],[9368,26850],[9372,26842],[9396,26862],[9416,26850],[9468,26838]],"size":[1,1,96],"rotations":[0,0,0,0,0,0],"colors":[2974350,4222101]},{"id":1155,"name":"Potted fern","type":10,"category":0,"actions":[],"coordinates":[[9360,26762]],"size":[1,1,66],"rotations":[0],"colors":[1798828,1065314,1073680]},{"id":15645,"name":"Staircase","type":10,"category":0,"actions":["Climb-up"],"coordinates":[[9372,26648]],"size":[2,3,240],"rotations":[1],"colors":[1800346,8684685,10000803,6381927]},{"id":1391,"name":"Plant","type":10,"category":0,"actions":[],"coordinates":[[9386,26816],[9402,26836],[9414,26824]],"size":[2,2,97],"rotations":[0,0,0],"colors":[9145493,8684685,11185077,10000803]},{"id":376,"name":"Closed chest","type":10,"category":0,"actions":["Open"],"coordinates":[[9392,26642],[9396,26642]],"size":[1,1,128],"rotations":[0,0],"colors":[2144441,9145493,13254912]},{"id":1156,"name":"Potted flower","type":10,"category":0,"actions":[],"coordinates":[[9396,26774]],"size":[1,1,98],"rotations":[0],"colors":[1798828,1065314,1805334,16512301,16463149]},{"id":593,"name":"Table","type":10,"category":157,"actions":[],"coordinates":[[9406,26856],[9454,26636]],"size":[2,2,96],"rotations":[0,0],"colors":[2974350]},{"id":422,"name":"Bed","type":10,"category":0,"actions":[],"coordinates":[[9408,26800],[9412,26800]],"size":[1,2,22],"rotations":[0,0],"colors":[15856115,14212317,2578816]},{"id":29038,"name":"null","type":10,"category":960,"actions":["Build","Search"],"coordinates":[[9408,26726]],"size":[1,1,0],"rotations":[0],"colors":[]},{"id":15608,"name":"Wooden Beams","type":5,"category":0,"actions":["Climb-up"],"coordinates":[[9412,26742]],"size":[1,1,85],"rotations":[0],"colors":[2763309,2763309]},{"id":11735,"name":"Chest","type":10,"category":0,"actions":["Open","Search for traps"],"coordinates":[[9412,26706]],"size":[1,1,128],"rotations":[0],"colors":[2144441,9145493,13254912]},{"id":11720,"name":"Door","type":0,"category":0,"actions":["Open","Pick-lock"],"coordinates":[[9416,26718]],"size":[1,1,240],"rotations":[0],"colors":[3640494,1800346,4020837,6516344,3309728,1469331,3640494,1800346,4020837,6516344,3309728,1469331]},{"id":11719,"name":"Door","type":0,"category":0,"actions":["Open","Pick-lock"],"coordinates":[[9416,26714]],"size":[1,1,240],"rotations":[0],"colors":[3640494,1800346,4020837,6516344,3309728,1469331,3640494,1800346,4020837,6516344,3309728,1469331]},{"id":605,"name":"Table","type":10,"category":155,"actions":[],"coordinates":[[9420,26722]],"size":[1,1,72],"rotations":[0],"colors":[5994132,7242136]},{"id":836,"name":"Bow cabinet","type":10,"category":0,"actions":[],"coordinates":[[9420,26672]],"size":[1,2,180],"rotations":[2],"colors":[2582393,2772581,2972269,9145493,1465740,1781932,12040385,4296091,16711422]},{"id":834,"name":"Sword cabinet","type":10,"category":0,"actions":[],"coordinates":[[9420,26660]],"size":[1,2,180],"rotations":[2],"colors":[3013115,11185077,5140094,12040385,4296091,16711422,2772581,2582393]},{"id":360,"name":"Boxes","type":10,"category":242,"actions":["Search"],"coordinates":[[9428,26802],[9428,26698]],"size":[1,1,100],"rotations":[0,0],"colors":[4936448]},{"id":37267,"name":"null","type":11,"category":220,"actions":[],"coordinates":[[9432,26838],[9460,26838]],"size":[1,1,0],"rotations":[0,0],"colors":[]},{"id":1524,"name":"Large door","type":0,"category":0,"actions":["Open"],"coordinates":[[9432,26638]],"size":[1,1,240],"rotations":[0],"colors":[7721724,4434900,4424864,4222101,4705505,3640494,3309728,6199733,5338522]},{"id":1521,"name":"Large door","type":0,"category":0,"actions":["Open"],"coordinates":[[9432,26634]],"size":[1,1,240],"rotations":[0],"colors":[7721724,4434900,4424864,4222101,4705505,3640494,3309728,6199733,5338522]},{"id":37266,"name":"null","type":10,"category":220,"actions":[],"coordinates":[[9436,26838],[9440,26838],[9464,26838]],"size":[1,1,0],"rotations":[0,0,0],"colors":[]},{"id":907,"name":"Charms","type":5,"category":0,"actions":[],"coordinates":[[9436,26642],[9460,26646]],"size":[1,1,228],"rotations":[0,0],"colors":[1464957,7566202,9147541]},{"id":9744,"name":"Ship's ladder","type":10,"category":0,"actions":["Climb-up"],"coordinates":[[9448,26866]],"size":[1,1,232],"rotations":[0],"colors":[5671297,7248018]},{"id":1020,"name":"Shelf","type":4,"category":0,"actions":[],"coordinates":[[9448,26654]],"size":[1,1,178],"rotations":[0],"colors":[15724012,6536631,7566202,10000803,12040385,1451916,4227477,1071980,15527919,1796768,15396333]},{"id":724,"name":"Standing torch","type":10,"category":0,"actions":[],"coordinates":[[9448,26646],[9452,26626],[9460,26646],[9464,26634]],"size":[1,1,174],"rotations":[0,0,0,0],"colors":[5142142,2965593,5865615,2109620,2992123,3006971]},{"id":1019,"name":"Shelf","type":4,"category":0,"actions":[],"coordinates":[[9448,26646]],"size":[1,1,159],"rotations":[0],"colors":[4227477,1477745,15724012,14389687,7606389,1451916,10326129,10000803,1071980,12047597,65536]},{"id":2085,"name":"Gangplank","type":10,"category":0,"actions":["Cross"],"coordinates":[[9452,26854]],"size":[1,1,24],"rotations":[0],"colors":[6197685,8169673]},{"id":908,"name":"Magical symbol","type":4,"category":0,"actions":[],"coordinates":[[9452,26662],[9456,26662],[9456,26626],[9464,26634]],"size":[1,1,231],"rotations":[0,0,0,0],"colors":[9555675,8158597,8422065,11185097,11048775,9013078]},{"id":366,"name":"Crate","type":10,"category":0,"actions":["Search"],"coordinates":[[9460,26830]],"size":[1,1,80],"rotations":[0],"colors":[13254912]},{"id":1021,"name":"Shelf","type":4,"category":0,"actions":[],"coordinates":[[9460,26654]],"size":[1,1,230],"rotations":[0],"colors":[1071980,6381927,10000803,7566202,15527919,1796768]},{"id":260,"name":"Figurehead","type":10,"category":0,"actions":[],"coordinates":[[9470,26866]],"size":[2,1,240],"rotations":[2],"colors":[4028272,5671297,5338522,1073754,11186357]}]