[{"id":14515,"name":"Tree","type":10,"category":0,"actions":[],"coordinates":[[9224,35962],[9224,35894],[9232,36030],[9244,36062],[9308,36042],[9328,35858]],"size":[1,1,290],"rotations":[0,0,0,0,0,0],"colors":[1076076,1073762,2586745]},{"id":14526,"name":"Bones","type":10,"category":0,"actions":[],"coordinates":[[9232,35922],[9236,36086],[9264,36070]],"size":[1,1,54],"rotations":[0,0,0],"colors":[14474976]},{"id":14527,"name":"Bones","type":10,"category":0,"actions":[],"coordinates":[[9236,35938]],"size":[1,1,25],"rotations":[0],"colors":[14474976]},{"id":14532,"name":"Bones","type":10,"category":0,"actions":[],"coordinates":[[9242,35908]],"size":[2,2,47],"rotations":[0],"colors":[14474976]},{"id":14535,"name":"Bones","type":10,"category":0,"actions":[],"coordinates":[[9246,36004]],"size":[2,2,65],"rotations":[0],"colors":[14474976]},{"id":14514,"name":"Tree","type":10,"category":0,"actions":[],"coordinates":[[9244,35866],[9276,35882],[9284,36034],[9288,35858]],"size":[1,1,415],"rotations":[0,0,0,0],"colors":[1076076,2586745,1473900,1076311]},{"id":14534,"name":"Bones","type":10,"category":0,"actions":[],"coordinates":[[9254,36052]],"size":[2,2,51],"rotations":[0],"colors":[14474976]},{"id":14528,"name":"Bones","type":10,"category":0,"actions":[],"coordinates":[[9256,36082]],"size":[1,1,44],"rotations":[0],"colors":[14474976]},{"id":14530,"name":"Bones","type":10,"category":0,"actions":[],"coordinates":[[9256,36030],[9272,36058]],"size":[1,1,21],"rotations":[0,0],"colors":[14474976]},{"id":14529,"name":"Bones","type":10,"category":0,"actions":[],"coordinates":[[9308,36050]],"size":[1,1,30],"rotations":[0],"colors":[14474976]},{"id":22277,"name":"Crate","type":11,"category":209,"actions":[],"coordinates":[[9344,35926],[9356,35962],[9356,35938],[9372,35962]],"size":[1,1,77],"rotations":[0,0,0,0],"colors":[6457472,2778457,5996150,4946030,3895653,1071436,15658]},{"id":14533,"name":"Bones","type":10,"category":0,"actions":[],"coordinates":[[9354,36036]],"size":[2,2,44],"rotations":[0],"colors":[14474976]},{"id":22274,"name":"Ladder","type":10,"category":0,"actions":["Climb"],"coordinates":[[9356,35930]],"size":[1,1,464],"rotations":[0],"colors":[2772560,4217177,4941415,5926253,6518648,7045505,15677,7638157]},{"id":22278,"name":"Barrel","type":10,"category":0,"actions":[],"coordinates":[[9360,35958],[9360,35954],[9360,35938],[9372,35958],[9372,35938],[9376,35938],[9392,35934]],"size":[1,1,99],"rotations":[0,0,0,0,0,0,0],"colors":[7635341,6720164,5538466,5142421,2579065,9146517,4026512]},{"id":22280,"name":"Barrel","type":10,"category":0,"actions":[],"coordinates":[[9380,35938],[9380,35934],[9380,35926],[9380,35922],[9384,35938],[9384,35934],[9384,35926],[9384,35922],[9396,35938],[9396,35934],[9396,35926],[9396,35922],[9400,35938],[9400,35934],[9400,35926],[9400,35922]],"size":[1,1,63],"rotations":[0,0,0,0,0,0,0,0,0,0,0,0,0,0,0,0],"colors":[7635341,9146517,5538466,6720164,5142421,2579065,7635341,9146517,5538466,6720164,5142421,2579065]},{"id":53222,"name":"Zombie Pirate's Locker","type":10,"category":0,"actions":["Open"],"coordinates":[[9388,35938],[9392,35922],[9400,35930]],"size":[1,1,88],"rotations":[0,0,0],"colors":[6990537,2582393,8158597,9145493,5723997,65536]}]