[{"id":1301,"name":"Tree","type":10,"category":0,"actions":[],"coordinates":[[9478,37692],[9534,37752],[9538,37672],[9550,37668],[9554,37740],[9594,37728]],"size":[2,2,363],"rotations":[0,0,0,0,0,0],"colors":[9145493,11185077,10000803]},{"id":3647,"name":"Spear wall","type":10,"category":0,"actions":[],"coordinates":[[9484,37722],[9484,37698],[9500,37722],[9500,37698],[9512,37718],[9512,37702]],"size":[1,1,205],"rotations":[0,0,0,0,0,0],"colors":[11185077,2969197,2778759,3175579,2133684]},{"id":1405,"name":"Cactus","type":10,"category":0,"actions":[],"coordinates":[[9486,37692],[9490,37660],[9494,37744],[9570,37740]],"size":[2,2,169],"rotations":[0,0,0,0],"colors":[1475712,1073762]},{"id":1406,"name":"Cactus","type":10,"category":0,"actions":[],"coordinates":[[9486,37644],[9506,37788],[9522,37736],[9598,37836]],"size":[2,2,128],"rotations":[0,0,0,0],"colors":[1812119,12505301]},{"id":1397,"name":"Cactus","type":10,"category":0,"actions":[],"coordinates":[[9488,37850],[9580,37802]],"size":[1,1,130],"rotations":[0,0],"colors":[1475683,1073762,6859152]},{"id":15674,"name":"Barrel","type":10,"category":0,"actions":[],"coordinates":[[9488,37698],[9520,37718],[9524,37770],[9556,37726],[9564,37726],[9568,37686],[9588,37698]],"size":[1,1,133],"rotations":[0,0,0,0,0,0,0],"colors":[5134957,7045524,6454920,6453128,4941176,2582393,5992062]},{"id":307,"name":"Cart","type":10,"category":0,"actions":[],"coordinates":[[9494,37694]],"size":[2,3,188],"rotations":[0],"colors":[3766153,5997972,8158597]},{"id":2670,"name":"Kharidian cactus (Healthy)","type":10,"category":1632,"actions":["Cut"],"coordinates":[[9496,37794],[9528,37810],[9552,37854]],"size":[1,1,148],"rotations":[0,0,0],"colors":[1475683,1073762]},{"id":13703,"name":"Tree","type":10,"category":0,"actions":[],"coordinates":[[9498,37752],[9498,37688],[9526,37776],[9578,37740]],"size":[2,2,295],"rotations":[0,0,0,0],"colors":[5935531,5739840,7385454]},{"id":10516,"name":"Wheelbarrow","type":10,"category":0,"actions":[],"coordinates":[[9500,37744]],"size":[1,2,104],"rotations":[0],"colors":[3766153,2583936,9145493]},{"id":7514,"name":"Crate","type":10,"category":0,"actions":[],"coordinates":[[9500,37694],[9516,37698],[9520,37766],[9524,37702],[9540,37722],[9568,37726],[9568,37698],[9588,37686]],"size":[1,1,88],"rotations":[0,0,0,0,0,0,0,0],"colors":[3764617,8034473,6523808,11185077,4946320,7639457,5996692]},{"id":11363,"name":"Clay rocks","type":10,"category":201,"actions":["Mine"],"coordinates":[[9504,37818],[9512,37810],[9568,37774],[9572,37770],[9588,37762],[9596,37770]],"size":[1,1,89],"rotations":[0,0,0,0,0,0],"colors":[7039858,65536]},{"id":11362,"name":"Clay rocks","type":10,"category":201,"actions":["Mine"],"coordinates":[[9504,37810],[9580,37766],[9584,37778],[9592,37770]],"size":[1,1,84],"rotations":[0,0,0,0],"colors":[7039858,65536]},{"id":11367,"name":"Coal rocks","type":10,"category":200,"actions":["Mine"],"coordinates":[[9504,37754],[9516,37762],[9520,37742]],"size":[1,1,89],"rotations":[0,0,0],"colors":[7039858,65536]},{"id":11364,"name":"Iron rocks","type":10,"category":218,"actions":["Mine"],"coordinates":[[9512,37758]],"size":[1,1,84],"rotations":[0],"colors":[7039858,65536]},{"id":11365,"name":"Iron rocks","type":10,"category":218,"actions":["Mine"],"coordinates":[[9512,37746],[9516,37754]],"size":[1,1,89],"rotations":[0,0],"colors":[7039858,65536]},{"id":13606,"name":"Barrow","type":10,"category":0,"actions":[],"coordinates":[[9516,37694],[9556,37734]],"size":[1,1,197],"rotations":[0,0],"colors":[5997972,5142142,7640481]},{"id":11366,"name":"Coal rocks","type":10,"category":200,"actions":["Mine"],"coordinates":[[9520,37762]],"size":[1,1,84],"rotations":[0],"colors":[7039858,65536]},{"id":19798,"name":"Cave","type":22,"category":0,"actions":["Enter"],"coordinates":[[9524,37790]],"size":[1,1,0],"rotations":[0],"colors":[65536,6381927,9145493,11185077]},{"id":1304,"name":"Tree","type":10,"category":0,"actions":[],"coordinates":[[9526,37664],[9538,37748],[9550,37740],[9558,37672]],"size":[2,2,295],"rotations":[0,0,0,0],"colors":[5935531,5739840,7385454]},{"id":1123,"name":"Bush","type":10,"category":0,"actions":[],"coordinates":[[9526,37656],[9538,37652],[9546,37660]],"size":[2,2,137],"rotations":[0,0,0],"colors":[4214361]},{"id":19797,"name":"Cave","type":10,"category":0,"actions":[],"coordinates":[[9530,37786]],"size":[2,1,7],"rotations":[0],"colors":[4934480,5723997,7566202,6381927,7039858,10000803,11185077]},{"id":24081,"name":"Large table","type":10,"category":156,"actions":[],"coordinates":[[9528,37692],[9574,37698],[9574,37686]],"size":[2,1,96],"rotations":[1,0,2],"colors":[6523808,7639457,8034473,8758968]},{"id":17555,"name":"Bed","type":10,"category":0,"actions":[],"coordinates":[[9532,37728],[9576,37728]],"size":[1,2,108],"rotations":[2,2],"colors":[2582393,6780540,2974350,9147541,2972269]},{"id":19929,"name":"Chair","type":10,"category":0,"actions":[],"coordinates":[[9532,37690]],"size":[1,1,69],"rotations":[0],"colors":[2974350]},{"id":27764,"name":"Broken boat","type":10,"category":0,"actions":[],"coordinates":[[9536,37660]],"size":[2,3,96],"rotations":[3],"colors":[7639457,7244184,6525088,7640481,8689313,9149864,1073781,1068642]},{"id":39720,"name":"Well","type":10,"category":245,"actions":[],"coordinates":[[9540,37710]],"size":[1,1,256],"rotations":[0],"colors":[9871263,6178560,2752512,1465740,9608091]},{"id":3026,"name":"Shelf","type":10,"category":0,"actions":[],"coordinates":[[9540,37694]],"size":[1,1,228],"rotations":[0],"colors":[8166573,8561589,3766153,4947600,5997972,5540258,5996692,7639457]},{"id":7183,"name":"Range","type":10,"category":687,"actions":["Cook"],"coordinates":[[9542,37690]],"size":[1,2,171],"rotations":[1],"colors":[7566202,9605787,2110916,8684685]},{"id":25729,"name":"Sink","type":10,"category":175,"actions":[],"coordinates":[[9554,37698]],"size":[1,2,116],"rotations":[3],"colors":[7566202,10461097,8684685,9605787,11185077,9145493,9605787,8684685,7566202]},{"id":10374,"name":"Crates","type":10,"category":0,"actions":[],"coordinates":[[9564,37730],[9568,37730],[9588,37694]],"size":[1,1,178],"rotations":[0,0,0],"colors":[3764617,8034473,6523808,11185077,4946320,7639457,5996692]},{"id":34623,"name":"null","type":10,"category":1297,"actions":[],"coordinates":[[9564,37718]],"size":[1,1,0],"rotations":[0],"colors":[]},{"id":5332,"name":"Plant","type":10,"category":0,"actions":[],"coordinates":[[9564,37702]],"size":[1,1,133],"rotations":[0],"colors":[11185077,7039858,10000803,9145493,8684685,8158597]},{"id":10508,"name":"Stone Pew","type":10,"category":0,"actions":[],"coordinates":[[9568,37716],[9568,37704],[9576,37716],[9576,37704]],"size":[2,1,60],"rotations":[3,3,3,3],"colors":[8893116,9287107,4289661,8168621,7839141,8563893,4817034]},{"id":39740,"name":"Stone Pile","type":10,"category":0,"actions":[],"coordinates":[[9572,37718],[9580,37734],[9580,37730],[9584,37738],[9584,37734],[9584,37722],[9584,37702],[9588,37734],[9588,37726]],"size":[1,1,53],"rotations":[0,0,0,0,0,0,0,0,0],"colors":[5723997,6381927]},{"id":17553,"name":"Bed","type":10,"category":0,"actions":[],"coordinates":[[9584,37728]],"size":[1,2,115],"rotations":[2],"colors":[9147541,6780540,2974350,1071980,8949904]},{"id":10493,"name":"Ladder","type":10,"category":0,"actions":["Climb-up"],"coordinates":[[9584,37686]],"size":[1,1,224],"rotations":[0],"colors":[4290715]},{"id":39723,"name":"Altar","type":10,"category":897,"actions":["Pray"],"coordinates":[[9588,37710]],"size":[1,3,100],"rotations":[2],"colors":[7243142,9151400,8759992,5732472,9875638,7641505,5937067,2811121,5669001,16711422]},{"id":27759,"name":"Rowboat","type":10,"category":0,"actions":[],"coordinates":[[9592,37636]],"size":[2,3,92],"rotations":[1],"colors":[8429745,7639457,8429745,8158597,2579065,7639457]}]